{
  "meta": {
    "id": "fMRI Preprocessor",
    "name": "fMRI Preprocess",
    "version": "v1.0",
    "repository": "https://github.com/trendscenter/Coinstac_fmri_computation.git",
    "description": "This computation performs realignment, slice timing, normalization, and smoothing on functional T2*-weighted MRI scans (BIDS format and nifiti) using SPMv12 standalone and MATLAB Runtimev713.",
    "tags": [
      "fmri",
      "preprocess"
    ],
    "preprocess": true
  },
  "computation": {
    "type": "docker",
    "dockerImage": "coinstacteam/fmri-pre",
    "command": [
       "python",
       "\/computation\/run_fmri.py"
    ],
    "input": {
      "standalone": {
        "label": "Standalone",
        "type": "boolean",
        "default": true,
        "order": 0
      },
      "data": {
        "label": "Data",
        "type": "bundle",
        "items": ["NIfTI"],
        "extensions": [["csv", "txt"]],
        "source": "owner",
        "order": 1
      },
      "covariates": {
        "label": "Covariates",
        "type": "csv",
        "items": [
          "boolean",
          "number",
          "string"
        ],
        "source": "member",
        "order": 2,
        "conditional": {
          "variable": "standalone",
          "value": false
        }
      },
      "options_smoothing_x_mm": {
        "type": "range",
        "label": "Smoothing FWHM(mm) along x",
        "default": 10,
        "min": 1,
        "max": 10,
        "step": 1,
        "tooltip": "Full width half maximum smoothing kernel value along x in mm",
        "order": 3,
        "group": "smoothing",
        "source": "owner"
      },
      "options_smoothing_y_mm": {
        "type": "range",
        "label": "Smoothing FWHM(mm) along y",
        "default": 10,
        "min": 1,
        "max": 10,
        "step": 1,
        "tooltip": "Full width half maximum smoothing kernel value along y in mm",
        "order": 4,
        "group": "smoothing",
        "source": "owner"
      },
      "options_smoothing_z_mm": {
        "type": "range",
        "label": "Smoothing FWHM(mm) along z",
        "default": 10,
        "min": 1,
        "max": 10,
        "step": 1,
        "tooltip": "Full width half maximum smoothing kernel value along z in mm",
        "order": 5,
        "group": "smoothing",
        "source": "owner"
      },
      "options_smoothing_implicit_masking": {
        "type": "boolean",
        "default": true,
        "label": "Implicit masking for smoothing",
        "tooltip": "An implicit mask is a mask implied by a particular voxel value (0 for images with integer type, NaN for float images). If set to ’Yes’, the implicit masking of the input image is preserved in the smoothed image.",
        "order": 6,
        "group": "smoothing",
        "source": "owner"
      },
      "options_realign_fwhm": {
        "type": "range",
        "label": "Realign FWHM",
        "default": 8,
        "min": 1,
        "max": 10,
        "step": 1,
        "tooltip": "Realign FWHM",
        "order": 7,
        "group": "realign",
        "source": "owner"
      },
      "options_realign_interp": {
        "type": "range",
        "label": "Realign Interp",
        "default": 2,
        "min": 1,
        "max": 10,
        "step": 1,
        "tooltip": "Realign Interp",
        "order": 8,
        "group": "realign",
        "source": "owner"
      },
      "options_realign_quality": {
        "type": "range",
        "label": "Realign Quality",
        "default": 1,
        "min": 1,
        "max": 10,
        "step": 1,
        "tooltip": "Realign Quality",
        "order": 9,
        "group": "realign",
        "source": "owner"
      },
      "options_realign_register_to_mean": {
        "type": "boolean",
        "default": true,
        "label": "Realign register to mean",
        "tooltip": "Realign register to mean",
        "order": 10,
        "group": "realign",
        "source": "owner"
      },
      "options_realign_separation": {
        "type": "range",
        "label": "Realign Separation",
        "default": 4,
        "min": 1,
        "max": 10,
        "step": 1,
        "tooltip": "Realign Separation",
        "order": 11,
        "group": "realign",
        "source": "owner"
      },
      "options_realign_wrap": {
        "type": "set",
        "label": "Realign Wrap",
        "default": [0, 0, 0],
        "order": 12,
        "group": "realign",
        "source": "owner"
      },
      "options_realign_write_interp": {
        "type": "range",
        "label": "Realign Write Interp",
        "default": 4,
        "min": 1,
        "max": 10,
        "step": 1,
        "tooltip": "Realign Write Interp",
        "order": 13,
        "group": "realign",
        "source": "owner"
      },
      "options_realign_write_wrap": {
        "type": "set",
        "label": "Realign Write Wrap",
        "default": [0, 0, 0],
        "order": 14,
        "group": "realign",
        "source": "owner"
      },
      "options_realign_write_mask": {
        "type": "boolean",
        "default": true,
        "label": "Realign write mask",
        "tooltip": "Realign write mask",
        "order": 15,
        "group": "realign",
        "source": "owner"
      },
      "options_realign_write_which": {
        "type": "set",
        "label": "Realign Wrap",
        "default": [2, 1],
        "order": 16,
        "group": "realign",
        "source": "owner"
      },
      "options_reorient_params_x_mm": {
        "type": "range",
        "label": "x translation in mm",
        "default": 0,
        "min": -50,
        "max": 50,
        "step": 5,
        "tooltip": "x translation in mm",
        "order": 17,
        "group": "reorientation",
        "source": "owner"
      },
      "options_reorient_params_y_mm": {
        "type": "range",
        "label": "y translation in mm",
        "default": 0,
        "min": -50,
        "max": 50,
        "step": 5,
        "tooltip": "y translation in mm",
        "order": 18,
        "group": "reorientation",
        "source": "owner"
      },
      "options_reorient_params_z_mm": {
        "type": "range",
        "label": "z translation in mm",
        "default": 0,
        "min": -50,
        "max": 50,
        "step": 5,
        "tooltip": "z translation in mm",
        "order": 19,
        "group": "reorientation",
        "source": "owner"
      },
      "options_reorient_params_pitch": {
        "type": "range",
        "label": "x rotation about pitch in degrees[-360,360]",
        "default": 0,
        "min": -360,
        "max": 360,
        "step": 5,
        "tooltip": "x rotation about - {pitch} (degrees). Ex: 90",
        "order": 20,
        "group": "reorientation",
        "source": "owner"
      },
      "options_reorient_params_roll": {
        "type": "range",
        "label": "y rotation about roll in degrees[-360,360]",
        "default": 0,
        "min": -360,
        "max": 360,
        "step": 5,
        "tooltip": "y rotation about - {roll}  (degrees). Ex: 180",
        "order": 21,
        "group": "reorientation",
        "source": "owner"
      },
      "options_reorient_params_yaw": {
        "type": "range",
        "label": "z rotation about yaw in degrees[-360,360]",
        "default": 0,
        "min": -360,
        "max": 360,
        "step": 5,
        "tooltip": "z rotation about - {yaw}   (degrees). Ex: -45",
        "order": 22,
        "group": "reorientation",
        "source": "owner"
      },
      "options_slicetime_ref_slice": {
        "type": "number",
        "label": "Slice time ref slice",
        "default": 16,
        "tooltip": "Slice time ref slice",
        "order": 23,
        "group": "segmentation",
        "source": "owner"
      },
      "options_num_slices": {
        "type": "number",
        "label": "Number of slices",
        "default": 36,
        "tooltip": "Number of slices",
        "order": 24,
        "group": "segmentation",
        "source": "owner"
      },
      "options_repetition_time": {
        "type": "number",
        "label": "Repetition time",
        "default": 2,
        "tooltip": "Repetition time",
        "order": 25,
        "group": "segmentation",
        "source": "owner"
      },
      "options_acquisition_order": {
        "type": "set",
        "label": "Realign Wrap",
        "default": [
          1,
          3,
          5,
          7,
          9,
          11,
          13,
          15,
          17,
          19,
          21,
          23,
          25,
          27,
          29,
          31,
          33,
          35,
          2,
          4,
          6,
          8,
          10,
          12,
          14,
          16,
          18,
          20,
          22,
          24,
          26,
          28,
          30,
          32,
          34,
          36
        ],
        "order": 26,
        "group": "segmentation",
        "source": "owner"
      },
      "options_normalize_affine_regularization_type": {
        "type": "string",
        "label": "Affine regularization type",
        "default": "mni",
        "order": 27,
        "group": "normalization",
        "source": "owner"
      },
      "options_normalize_write_bounding_box": {
        "type": "matrix",
        "label": "Normalize Write Bounding Box",
        "default": [
          [-78, -112, -70],
          [78, 76, 85]
        ],
        "order": 30,
        "group": "normalization",
        "source": "owner"
      },
      "options_normalize_write_interp": {
        "type": "number",
        "label": "Normalize Write Interp",
        "default": 1,
        "tooltip": "Normalize Write Interp",
        "order": 29,
        "group": "normalization",
        "source": "owner"
      },
      "options_normalize_write_voxel_sizes": {
        "type": "set",
        "label": "Realign Wrap",
        "default": [3, 3, 3],
        "order": 30,
        "group": "normalization",
        "source": "owner"
      }
    },
    "output": {
      "message": {
        "type":"string",
        "description":"Output message from VBM step"
      },
      "download_outputs": {
        "type":"string",
        "description":"Download vbm outputs here"
      }
    },
    "display": {
      "type":"string"
    }
  }
}
