{
  "meta": {
    "name": "Differentially Private Support Vector Machines Demo",
    "id": "dpsvm",
    "version": "v1.0.0",
    "repository": "https:\/\/github.com\/MRN-Code\/coinstac_dpSVM",
    "description": "A test from single shot regresssion"
  },
  "computation": {
    "type": "docker",
    "dockerImage": "coinstacteam/dpsvm",
    "command": [
      "python",
      "\/computation\/scripts\/local.py"
    ],
    "remote": {
      "type": "docker",
      "dockerImage": "coinstacteam/dpsvm",
      "command": [
        "python",
        "\/computation\/scripts\/remote.py"
      ]
    },
    "input": {
      "covariates": {
        "label": "Labels",
        "type": "csv",
        "items": ["boolean", "number"],
        "source": "member"
      },
      "data": {
        "label": "Features",
        "type": "freesurfer",
        "items": ["FreeSurfer"],
        "extensions": ["csv", "txt"],
        "source": "owner"
      },
      "lambda":
      {
        "default": 0,
        "label": "Lambda",
        "max": 1,
        "min": 0,
        "step": 0.05,
        "type": "number",
        "source": "owner",
        "order": 2
      },
      "train_split":
      {
        "default": 0.8,
        "label": "Train Split",
        "max": 1,
        "min": 0,
        "step": 0.1,
        "type": "number",
        "source": "owner",
        "order": 3
      }
    },
    "output": {
      "regressions": {
        "label": "Regressions",
        "type": "array",
        "items": {
          "global_stats": {
            "label": "Global Stats",
            "type": "object",
            "items": {
              "avg_beta_vector": {
                "label": "Avg Beta Vector",
                "type": "array"
              },
              "r2_global": {
                "label": "R2 Global",
                "type": "number"
              },
              "ts_global": {
                "label": "TS Global",
                "type": "array"
              },
              "ps_global": {
                "label": "PS Global",
                "type": "number"
              },
              "dof_global": {
                "label": "DOF Global",
                "type": "array"
              }
            }
          },
          "local_stats": {
            "label": "Local Stats",
            "type": "object",
            "items": {
              "beta": {
                "label": "Beta",
                "type": "array"
              },
              "pval": {
                "label": "PVal",
                "type": "array"
              },
              "rsquared": {
                "label": "R Squared",
                "type": "number"
              },
              "sse": {
                "label": "SSE",
                "type": "number"
              },
              "tval": {
                "label": "TVal",
                "type": "array"
              }
            }
          },
          "ROI": {
            "label": "Region of Interest",
            "type": "string"
          }
        }
      }
    },
    "display": [
      {
        "type": "string",
        "tables": [
          {
            "source": "regressions",
            "subtables": [
              {
                "source": "global_stats",
                "subtitle": "ROI"
              },
              {
                "source": "local_stats",
                "subtitle": "ROI",
                "subtables": "by-key"
              }
            ]
          }
        ]
      }
    ]
  }
}
