{
    "meta": {
        "name": "Decentralized Dynamic Functional Connectivity (DDFNC) Pipeline",
        "id": "ddfnc",
        "version": "v1.0.0",
        "repository": "https:\/\/github.com\/MRN-Code\/coinstac_ddfnc_pipeline",
        "description": "a demo for decentralized dfnc"
    },
    "computation": {
        "type": "docker",
        "dockerImage": "coinstacteam/ddfnc",
        "command": [
            "python",
            "\/computation\/local.py"
        ],
        "remote": {
            "type": "docker",
            "dockerImage": "coinstacteam/ddfnc",
            "command": [
                "python",
                "\/computation\/remote.py"
            ]
        },
        "input": {
            "data": {
              "label": "Data",
              "type": "files",
              "items": ["NIfTI"],
              "extensions": [["nii"]],
              "order": 0
            },
            "mask": {
                "label": "Mask",
                "type": "string",
                "source": "owner",
                "default": "\/computation\/local_data\/mask.nii",
                "order": 1
            },
            "ica": {
              "label": "ICA Method",
              "default": "Infomax ICA",
              "type": "select",
              "values": [
                  "Infomax ICA",
                  "Spatially Constrained"
              ],
              "group": "ica",
              "source": "owner",
              "order": 2
            },
            "num_ics": {
                "default": 20,
                "label": "Global Number of Independent Components",
                "type": "number",
                "source": "owner",
                "order": 3,
                "group": "ica",
                "showValue": "Infomax ICA",
                "conditional": {
                  "variable": "ica",
                  "value": "Infomax ICA"
                }
            },
            "scica_template": {
                "label": "Spatially Constrained ICA Template",
                "type": "string",
                "source": "owner",
                "order": 4,
                "group": "ica",
                "default": "\/computation\/local_data\/NeuroMark.nii",
                "showValue": "Spatially Constrained",
                "conditional": {
                  "variable": "ica",
                  "value": "Infomax ICA"
                }
            },
            "fnc": {
                "label": "Kind of FNC to perform",
                "type": "select",
                "default": "None",
                "values": [
                    "None",
                    "Static FNC",
                    "Dynamic FNC"
                ],
                "group": "fnc_method",
                "source": "owner",
                "order": 5
            },
            "fnc_window_size": {
                "default": 22,
                "label": "Sliding Window Size",
                "type": "number",
                "source": "owner",
                "order": 6,
                "group": "fnc_method",
                "showValue": "Dynamic FNC",
                "conditional": {
                  "variable": "fnc",
                  "value": "Dynamic FNC"
                }
            },
            "dfnc_k": {
                "default": 5,
                "label": "Number of Clusters",
                "type": "number",
                "source": "owner",
                "order": 7,
                "group": "fnc_method",
                "showValue": "Dynamic FNC",
                "conditional": {
                  "variable": "fnc",
                  "value": "Dynamic FNC"
                }
            },
            "results_html_path": {
              "order": 8,
              "label": "Results HTML Path",
              "default": "gica_cmd_gica_results/icatb_gica_html_report.html",
              "type": "string",
              "source": "owner"
            }
        },
        "output": {},
        "display": {
          "type": "iframe"
        }
    }
}
