{
  "meta": {
    "name": "Decentralized Error Test",
    "id": "coinstac-decentralized-error",
    "version": "v1.0.0",
    "repository": "github.com\/user\/computation.git",
    "description": "causes a decentralized error"
  },
  "computation": {
    "type": "docker",
    "dockerImage": "coinstacteam/coinstac-decentralized-error",
    "command": [
      "python",
      "\/computation\/local.py"
    ],
    "remote": {
      "type": "docker",
      "dockerImage": "coinstacteam/coinstac-decentralized-error",
      "command": [
        "python",
        "\/computation\/remote.py"
      ]
    },
    "input": {
      "mode": {
        "label": "Mode",
        "type": "string",
        "description": "local or remote site to error at"
      },
      "user": {
        "label": "User",
        "type": "string",
        "description": "which local user to error at"
      }
    },
    "output": {
    }
  }
}
